,src_common_name,count,rank
0,iheart.com,2821270,1
1,reuters.com,529178,2
2,english.wafa.ps,464237,3
3,dailymail.co.uk,425030,4
4,indiatimes.com,405272,5
5,business-standard.com,394701,6
6,yahoo.com,393948,7
7,msn.com,363444,8
8,4-traders.com,337499,9
9,dailypolitical.com,312001,10
10,animalforum.com,272737,11
11,gwdtoday.com,272025,12
12,sfgate.com,263387,13
13,wickedlocal.com,248917,14
14,newsbookra.com,227968,15
15,tvguide.co.uk,220509,16
16,marketwatch.com,218187,17
17,ehfcl.com,214294,18
18,prnewswire.com,211307,19
19,nzherald.co.nz,198557,20
20,chron.com,197878,21
21,pafoa.org,196155,22
22,openpr.com,193333,23
23,wkrb13.com,190534,24
24,joker.com,178535,25
25,washingtonpost.com,176838,26
26,nccbmwcca.org,169611,27
27,cbslocal.com,160149,28
28,businesswire.com,132491,29
29,thehindu.com,130577,30
30,seattletimes.com,128624,31
31,allafrica.com,118912,32
32,businessinsider.com,115563,33
33,thetimes.co.uk,114560,34
34,euronews.com,114438,35
35,thenews.com.pk,113781,36
36,lmtonline.com,108437,37
37,onlinenigeria.com,106551,38
38,mysanantonio.com,103200,39
39,indianexpress.com,102641,40
40,tucson.com,100972,41
41,chinadaily.com.cn,99870,42
42,tmcnet.com,99229,43
43,cbc.ca,99121,44
44,wsoctv.com,97867,45
45,nyoooz.com,97080,46
46,patch.com,96739,47
47,greensboro.com,95713,48
48,investegate.co.uk,95064,49
49,ghanaweb.com,94247,50
50,stuff.co.nz,93889,51
51,chieftain.com,91917,52
52,wacotrib.com,91439,53
53,startribune.com,91400,54
54,freerepublic.com,89930,55
55,wsbtv.com,89593,56
56,dailytelegraph.com.au,89492,57
57,maine207.org,89345,58
58,actionnewsjax.com,88024,59
59,stltoday.com,87245,60
60,wftv.com,87227,61
61,xinhuanet.com,87085,62
62,fredericksburg.com,86878,63
63,wpxi.com,86812,64
64,justjared.com,86328,65
65,fox30jax.com,85968,66
66,ctpost.com,85238,67
67,independent.ie,84298,68
68,dnaindia.com,84181,69
69,couriermail.com.au,83798,70
70,wfmz.com,83308,71
71,forbes.com,82893,72
72,finanznachrichten.de,82767,73
73,nbcnews.com,82535,74
74,inquirer.net,82363,75
75,fox13memphis.com,82075,76
76,nhregister.com,81303,77
77,foxnews.com,81140,78
78,ndtv.com,81058,79
79,mirror.co.uk,80584,80
80,moneycontrol.com,79580,81
81,humanitariannews.org,79568,82
82,bbc.co.uk,79261,83
83,chicagotribune.com,79089,84
84,miamiherald.com,78808,85
85,newstimes.com,78136,86
86,greenwichtime.com,77809,87
87,seekingalpha.com,77529,88
88,globenewswire.com,77243,89
89,thehour.com,75717,90
90,ianslive.in,75672,91
91,financialexpress.com,75654,92
92,theguardian.com,74630,93
93,fox23.com,73331,94
94,news.com.au,72773,95
95,firstpost.com,72498,96
96,newsadvance.com,72483,97
97,express.co.uk,72257,98
98,military-technologies.net,71916,99
99,prweb.com,71803,100
